t,x,y,z,vx_dir,vy_dir,vz_dir,speed,flux,sector,range,lat_err
0.0,-144.57483341892322,24.095805569820534,35.0,0.9863939238321437,-0.16439898730535726,0.0,55.0,0.0,0,150.69004713041932,146.5690632574555
0.1,-139.14966683784644,23.19161113964107,35.0,0.9863939238321437,-0.16439898730535726,0.0,55.0,0.0,0,145.34607187102094,141.06906325745553
0.2,-133.72450025676966,22.287416709461603,35.0,0.9863939238321437,-0.16439898730535726,0.0,55.0,0.0,0,140.01418111214298,135.56906325745553
0.30000000000000004,-128.29933367569288,21.383222279282137,35.0,0.9863939238321437,-0.16439898730535726,0.0,55.0,0.0,0,134.6958099447491,130.06906325745553
0.4,-122.87416709461608,20.47902784910267,35.0,0.9863939238321437,-0.16439898730535726,0.0,55.0,0.0,0,129.39262544998442,124.56906325745553
0.5,-117.44900051353929,19.574833418923205,35.0,0.9863939238321437,-0.16439898730535726,0.0,55.0,0.0,0,124.10657446327308,119.06906325745553
0.6,-112.0238339324625,18.67063898874374,35.0,0.9863939238321437,-0.16439898730535726,0.0,55.0,0.0,0,118.83994332368194,113.56906325745553
0.7,-106.5986673513857,17.766444558564274,35.0,0.9863939238321437,-0.16439898730535726,0.0,55.0,0.0,0,113.59543315355562,108.06906325745551
0.7999999999999999,-101.1735007703089,16.862250128384808,35.0,0.9863939238321437,-0.16439898730535726,0.0,55.0,0.0,0,108.37625541377552,102.56906325745551
0.8999999999999999,-95.74833418923211,15.958055698205342,35.0,0.9863939238321437,-0.16439898730535726,0.0,55.0,0.0,0,103.18625413144864,97.06906325745551
0.9999999999999999,-90.32316760815532,15.053861268025877,35.0,0.9863939238321437,-0.16439898730535726,0.0,55.0,0.0,1,98.03006347977077,91.56906325745551
1.0999999999999999,-84.89800102707852,14.14966683784641,35.0,0.9863939238321437,-0.16439898730535726,0.0,55.0,0.0,1,92.91331255539153,86.0690632574555
1.2,-79.47283444600173,13.245472407666945,35.0,0.9863939238321437,-0.16439898730535726,0.0,55.0,0.0,1,87.84289358954351,80.5690632574555
1.3,-74.04766786492493,12.34127797748748,35.0,0.9863939238321437,-0.16439898730535726,0.0,55.0,0.0,1,82.82731589488974,75.0690632574555
1.4000000000000001,-68.62250128384814,11.437083547308013,35.0,0.9863939238321437,-0.16439898730535726,0.0,55.0,0.0,1,77.87717613344645,69.56906325745548
1.5000000000000002,-63.19733470277134,10.532889117128548,35.0,0.9863939238321437,-0.16439898730535726,0.0,55.0,0.0,1,73.00578652879395,64.06906325745548
1.6000000000000003,-57.77216812169455,9.628694686949082,35.0,0.9863939238321437,-0.16439898730535726,0.0,55.0,0.0,1,68.2300166411809,58.569063257455475
1.7000000000000004,-52.347001540617754,8.724500256769616,35.0,0.9863939238321437,-0.16439898730535726,0.0,55.0,0.0,1,63.57142026904708,53.06906325745547
1.8000000000000005,-46.92183495954096,7.820305826590151,35.0,0.9863939238321437,-0.16439898730535726,0.0,55.0,0.0,1,59.057732594401216,47.56906325745547
1.9000000000000006,-41.496668378464165,6.916111396410686,35.0,0.9863939238321437,-0.16439898730535726,0.0,55.0,0.0,1,54.72482145571413,42.06906325745547
2.0000000000000004,-36.07150179738737,6.0119169662312215,35.0,0.9863939238321437,-0.16439898730535726,0.0,55.0,0.0,2,50.61913064768872,36.56906325745546
2.1000000000000005,-30.64633521631058,5.107722536051757,35.0,0.9863939238321437,-0.16439898730535726,0.0,55.0,0.0,2,46.800498840244956,31.06906325745546
2.2000000000000006,-25.221168635233788,4.203528105872292,35.0,0.9863939238321437,-0.16439898730535726,0.0,55.0,0.0,2,43.34486123941059,25.56906325745546
2.3000000000000007,-19.796002054156997,3.299333675692827,35.0,0.9863939238321437,-0.16439898730535726,0.0,55.0,0.0,2,40.345598273315375,20.069063257455458
2.400000000000001,-14.370835473080206,2.395139245513362,35.0,0.9863939238321437,-0.16439898730535726,0.0,55.0,0.0,2,37.911180464339786,14.56906325745546
2.500000000000001,-8.945668892003415,1.4909448153338971,35.0,0.9863939238321437,-0.16439898730535726,0.0,55.0,0.0,2,36.15588345439409,9.06906325745546
2.600000000000001,-3.5205023109266236,0.5867503851544322,35.0,0.9863939238321437,-0.16439898730535726,0.0,55.0,0.0,2,35.18150384130443,3.5690632574554586
2.700000000000001,1.9046642701501675,-0.31744404502503265,35.0,0.9863939238321437,-0.16439898730535726,0.0,55.0,0.0,2,35.05322405576566,1.9309367425445416
2.800000000000001,7.3298308512269585,-1.2216384752044975,35.0,0.9863939238321437,-0.16439898730535726,0.0,55.0,0.0,2,35.7801456239588,7.430936742544541
2.9000000000000012,12.75499743230375,-2.1258329053839624,35.0,0.9863939238321437,-0.16439898730535726,0.0,55.0,0.0,2,37.312318676808175,12.930936742544542
3.0000000000000013,18.18016401338054,-3.0300273355634273,35.0,0.9863939238321437,-0.16439898730535726,0.0,55.0,0.0,3,39.556281791994536,18.430936742544542
3.1000000000000014,23.60533059445733,-3.934221765742892,35.0,0.9863939238321437,-0.16439898730535726,0.0,55.0,0.0,3,42.39917137605013,23.930936742544542
3.2000000000000015,29.030497175534123,-4.838416195922357,35.0,0.9863939238321437,-0.16439898730535726,0.0,55.0,0.0,3,45.72942201191327,29.430936742544542
3.3000000000000016,34.45566375661092,-5.742610626101822,35.0,0.9863939238321437,-0.16439898730535726,0.0,55.0,0.0,3,49.448663699959056,34.93093674254455
3.4000000000000017,39.88083033768771,-6.646805056281287,35.0,0.9863939238321437,-0.16439898730535726,0.0,55.0,0.0,3,53.47579495322757,40.43093674254455
3.5000000000000018,45.30599691876451,-7.550999486460752,35.0,0.9863939238321437,-0.16439898730535726,0.0,55.0,0.0,3,57.74643668701671,45.93093674254455
3.600000000000002,50.7311634998413,-8.455193916640216,35.0,0.9863939238321437,-0.16439898730535726,0.0,55.0,0.0,3,62.2104593634834,51.43093674254456
3.700000000000002,56.156330080918096,-9.359388346819681,35.0,0.9863939238321437,-0.16439898730535726,0.0,55.0,0.0,3,66.82912208299321,56.93093674254457
3.800000000000002,61.58149666199489,-10.263582776999147,35.0,0.9863939238321437,-0.16439898730535726,0.0,55.0,0.0,3,71.5724937566912,62.43093674254457
3.900000000000002,67.00666324307169,-11.167777207178613,35.0,0.9863939238321437,-0.16439898730535726,0.0,55.0,0.0,3,76.41735514082905,67.93093674254457
4.000000000000002,72.43182982414848,-12.071971637358079,35.0,0.9863939238321437,-0.16439898730535726,0.0,55.0,0.0,4,81.34557437800524,73.43093674254457
4.100000000000001,77.85699640522527,-12.976166067537545,35.0,0.9863939238321437,-0.16439898730535726,0.0,55.0,0.0,4,86.34287912187996,78.93093674254457
4.200000000000001,83.28216298630207,-13.88036049771701,35.0,0.9863939238321437,-0.16439898730535726,0.0,55.0,0.0,4,91.3979380468923,84.43093674254459
4.300000000000001,88.70732956737886,-14.784554927896476,35.0,0.9863939238321437,-0.16439898730535726,0.0,55.0,0.0,4,96.50167554706786,89.93093674254459
4.4,94.13249614845566,-15.688749358075942,35.0,0.9863939238321437,-0.16439898730535726,0.0,55.0,0.0,4,101.64675935591625,95.43093674254459
4.5,99.55766272953245,-16.592943788255408,35.0,0.9863939238321437,-0.16439898730535726,0.0,55.0,0.0,4,106.82721559475159,100.93093674254459
4.6,104.98282931060925,-17.497138218434873,35.0,0.9863939238321437,-0.16439898730535726,0.0,55.0,0.0,4,112.03813768487733,106.4309367425446
4.699999999999999,110.40799589168604,-18.40133264861434,35.0,0.9863939238321437,-0.16439898730535726,0.0,55.0,0.0,4,117.27546461243938,111.9309367425446
4.799999999999999,115.83316247276284,-19.305527078793805,35.0,0.9863939238321437,-0.16439898730535726,0.0,55.0,0.0,4,122.53581070132728,117.4309367425446
4.899999999999999,121.25832905383963,-20.20972150897327,35.0,0.9863939238321437,-0.16439898730535726,0.0,55.0,0.0,4,127.81633388733815,122.93093674254462
4.999999999999998,126.68349563491643,-21.113915939152736,35.0,0.9863939238321437,-0.16439898730535726,0.0,55.0,0.0,5,133.1146329768726,128.43093674254462
5.099999999999998,132.1086622159932,-22.018110369332202,35.0,0.9863939238321437,-0.16439898730535726,0.0,55.0,0.0,5,138.42866688925199,133.93093674254462
5.1999999999999975,137.53382879707,-22.922304799511668,35.0,0.9863939238321437,-0.16439898730535726,0.0,55.0,0.0,5,143.75669069961046,139.4309367425446
5.299999999999997,142.95899537814677,-23.826499229691134,35.0,0.9863939238321437,-0.16439898730535726,0.0,55.0,0.0,5,149.0972046185691,144.9309367425446
5.399999999999997,148.38416195922355,-24.7306936598706,35.0,0.9863939238321437,-0.16439898730535726,0.0,55.0,0.0,5,154.4489130076332,150.4309367425446
5.4999999999999964,153.80932854030033,-25.634888090050065,35.0,0.9863939238321437,-0.16439898730535726,0.0,55.0,0.0,5,159.81069123624812,155.93093674254456
5.599999999999996,159.2344951213771,-26.53908252022953,35.0,0.9863939238321437,-0.16439898730535726,0.0,55.0,0.0,5,165.18155870912292,161.43093674254456
5.699999999999996,164.6596617024539,-27.443276950408997,35.0,0.9863939238321437,-0.16439898730535726,0.0,55.0,0.0,5,170.56065678151984,166.93093674254456
5.799999999999995,170.08482828353067,-28.347471380588463,35.0,0.9863939238321437,-0.16439898730535726,0.0,55.0,0.0,5,175.94723057187173,172.43093674254453
5.899999999999995,175.50999486460745,-29.25166581076793,35.0,0.9863939238321437,-0.16439898730535726,0.0,55.0,0.0,5,181.34061390124216,177.93093674254453
5.999999999999995,180.93516144568423,-30.155860240947394,35.0,0.9863939238321437,-0.16439898730535726,0.0,55.0,0.0,6,186.74021675645386,183.43093674254453
6.099999999999994,186.360328026761,-31.06005467112686,35.0,0.9863939238321437,-0.16439898730535726,0.0,55.0,0.0,6,192.14551480171312,188.9309367425445
6.199999999999994,191.7854946078378,-31.964249101306326,35.0,0.9863939238321437,-0.16439898730535726,0.0,55.0,0.0,6,197.5560405621234,194.4309367425445
6.299999999999994,197.21066118891457,-32.86844353148579,35.0,0.9863939238321437,-0.16439898730535726,0.0,55.0,0.0,6,202.97137597885896,199.9309367425445
6.399999999999993,202.63582776999135,-33.772637961665254,35.0,0.9863939238321437,-0.16439898730535726,0.0,55.0,0.0,6,208.39114609531595,205.43093674254447
6.499999999999993,208.06099435106813,-34.67683239184472,35.0,0.9863939238321437,-0.16439898730535726,0.0,55.0,0.0,6,213.81501368025422,210.93093674254447
6.5999999999999925,213.4861609321449,-35.581026822024185,35.0,0.9863939238321437,-0.16439898730535726,0.0,55.0,0.0,6,219.24267463077365,216.43093674254445
6.699999999999992,218.9113275132217,-36.48522125220365,35.0,0.9863939238321437,-0.16439898730535726,0.0,55.0,0.0,6,224.6738540271726,221.93093674254445
6.799999999999992,224.33649409429847,-37.38941568238312,35.0,0.9863939238321437,-0.16439898730535726,0.0,55.0,0.0,6,230.1083027350192,227.43093674254445
6.8999999999999915,229.76166067537525,-38.29361011256258,35.0,0.9863939238321437,-0.16439898730535726,0.0,55.0,0.0,6,235.54579446842018,232.93093674254445
6.999999999999991,235.18682725645203,-39.19780454274205,35.0,0.9863939238321437,-0.16439898730535726,0.0,55.0,0.0,7,240.9861232434914,238.43093674254442
7.099999999999991,240.61199383752881,-40.101998972921514,35.0,0.9863939238321437,-0.16439898730535726,0.0,55.0,0.0,7,246.42910116318487,243.9309367425444
7.19999999999999,246.0371604186056,-41.00619340310098,35.0,0.9863939238321437,-0.16439898730535726,0.0,55.0,0.0,7,251.8745564844992,249.4309367425444
7.29999999999999,251.46232699968238,-41.910387833280446,35.0,0.9863939238321437,-0.16439898730535726,0.0,55.0,0.0,7,257.3223319271594,254.9309367425444
7.39999999999999,256.88749358075916,-42.81458226345991,35.0,0.9863939238321437,-0.16439898730535726,0.0,55.0,0.0,7,262.77228318945504,260.43093674254436
7.499999999999989,262.31266016183594,-43.71877669363938,35.0,0.9863939238321437,-0.16439898730535726,0.0,55.0,0.0,7,268.22427764236244,265.93093674254436
7.599999999999989,267.7378267429127,-44.62297112381884,35.0,0.9863939238321437,-0.16439898730535726,0.0,55.0,0.0,7,273.6781931775623,271.43093674254436
7.699999999999989,273.1629933239895,-45.52716555399831,35.0,0.9863939238321437,-0.16439898730535726,0.0,55.0,0.0,7,279.13391718869116,276.93093674254436
7.799999999999988,278.5881599050663,-46.431359984177774,35.0,0.9863939238321437,-0.16439898730535726,0.0,55.0,0.0,7,284.5913456682601,282.43093674254436
7.899999999999988,284.01332648614306,-47.33555441435724,35.0,0.9863939238321437,-0.16439898730535726,0.0,55.0,0.0,7,290.0503824052626,287.9309367425443
7.999999999999988,289.02812849968836,-47.11329930674111,34.947431643736444,0.9989645445309422,0.044273925819946214,-0.010471784116245792,50.2,0.00011254822138057325,0,294.9207436144372,292.8428282126761
8.099999999999987,293.6190890041297,-46.883482837678784,34.85692309603319,0.9985558779453083,0.04998618171705451,-0.01968604221838601,45.976,0.00010824447954601869,0,299.37474088227407,297.3385787122249
8.199999999999987,297.8368740254604,-46.649764749943,34.73947200899048,0.9980825382335501,0.05530626645471429,-0.027793232343760903,42.25888,0.00010438114815059584,0,303.4630702341661,301.46808136265935
8.299999999999986,301.7261858983754,-46.41480124307451,34.603302913629506,0.9975711469773845,0.06026588319567197,-0.03492606535055607,38.9878144,0.00010089858612150296,0,307.2302289875583,305.2753266007836
8.399999999999986,305.32642897471936,-46.180463409964425,34.45452728067594,0.9970410399097591,0.06489685053475358,-0.041201499078748434,36.109276672,9.77453719177805e-05,0,310.71526818189716,308.799066435139
8.499999999999986,308.67231382048783,-45.94801570675535,34.297650900412606,0.9965060030227926,0.06922997721504157,-0.04672254481878088,33.57616347136,9.487734180703872e-05,0,313.9524587003079,312.0734167895144
8.599999999999985,311.79440098331673,-45.7182595064181,34.13596329532916,0.995975623488462,0.07329442227163455,-0.051579890273602755,31.3470238547968,9.225663362018698e-05,0,316.9718784481386,315.1283988104555
8.699999999999985,314.71958735210967,-45.49164721056424,33.971836101434256,0.9954563357770576,0.07711735842861718,-0.05585334896231457,29.385380992221183,8.985080551426522e-05,0,319.79992851330553,317.990422228426
8.799999999999985,317.47153917890284,-45.268372085868066,33.80695128621937,0.9949522281212209,0.08072382686268627,-0.059613148996352595,27.65913527315464,8.763205431959462e-05,0,322.45978610548485,320.6827150002417
8.899999999999984,320.0710763003803,-45.048438389871755,33.64247534952948,0.9944656614560453,0.08413671290107942,-0.06292107538012769,26.14003904037608,8.557653653202589e-05,0,324.9718015968365,323.22570393681553
8.999999999999984,322.534952151175,-44.83131760225399,33.457600525908795,0.9933687741999204,0.08753728828488505,-0.07453657896815935,24.80323435553095,0.0,1,327.35004724310977,325.6357511040747
9.099999999999984,324.88096388651593,-44.61632790339073,33.27791469969835,0.9929432444002549,0.09099381980324736,-0.07605154934325592,23.626846232867237,0.0,1,329.6144369079955,327.93026303074646
9.199999999999983,327.12322207905555,-44.40295098560683,33.10309036503575,0.9925174589307154,0.09444956737719912,-0.07738457817921861,22.59162468492317,0.0,1,331.77859947761704,330.12304445405397
9.299999999999983,329.2741366046076,-44.19068783123824,32.93277269475754,0.9920904295952182,0.09790451526692785,-0.0785575292121852,21.680629722732387,0.0,1,333.85452137880696,332.22623907167196
9.399999999999983,331.3446214580184,-43.97906159949394,32.766597858156516,0.9916611904698284,0.10135863614770414,-0.07958963622382058,20.8789541560045,0.0,1,335.8527444632956,334.250528837771
9.499999999999982,333.3442748958936,-43.76761953931184,32.604205745021716,0.991228817163023,0.10481189352267163,-0.08049781985735095,20.17347965728396,0.0,1,337.78254004354744,336.20530948515227
9.599999999999982,335.28153787247294,-43.555934121774776,32.445248534040054,0.9907924388141939,0.10826424374933284,-0.08129696620420163,19.552662098409883,0.0,1,339.6520619513247,338.0988450665735
9.699999999999982,337.16383338242633,-43.343603552815004,32.28939619785449,0.9903512448198588,0.11171563772567676,-0.08200017177604935,19.006342646600697,0.0,1,341.4684811470865,339.9384039941297
9.799999999999981,338.99768901186707,-43.130251799301995,32.13633977191625,0.9899044877857874,0.11516602228055658,-0.08261895892367674,18.525581529008612,0.0,1,343.23810410499846,341.7303787720046
9.89999999999998,340.7888447226296,-42.91552823837559,31.985793011222576,0.9894514838279803,0.11861534130999687,-0.08316346527484926,18.10251174552758,0.0,1,344.9664769306144,343.48039136370414
9.99999999999998,342.54234765109817,-42.69910702037481,31.837492903798264,0.9889916110593617,0.12206353669734425,-0.0836426103319609,17.73021033606427,0.0,2,346.65847693235867,345.193385908049
10.09999999999998,344.26263548806907,-42.48068621934741,31.691199391324012,0.9885243068814825,0.12551054905107786,-0.08406424199016899,17.40258509573656,0.0,2,348.3183931602212,346.8737102964965
10.19999999999998,345.9536098170276,-42.25998683141987,31.54669455712196,0.9880490645355243,0.1289563182899825,-0.084435265402366,17.11427488424817,0.0,2,349.94999724232645,348.52518794546825
10.29999999999998,347.61870062184755,-42.036751669849394,31.403781473213503,0.9875654292421849,0.13240078410146172,-0.08476175632333938,16.860561898138393,0.0,2,351.5566056893137,350.1511809389971
10.399999999999979,349.2609230286159,-41.810744196020345,31.262282846305983,0.9870729941661188,0.13584388629513544,-0.08504906080708644,16.637294470361784,0.0,2,353.1411346951644,351.75464557703543
10.499999999999979,350.88292721765794,-41.581747317691224,31.122039563444865,0.9865713963702574,0.13928556507058867,-0.0853018829042325,16.44081913391837,0.0,2,354.70614833889357,353.3381812411794
10.599999999999978,352.48704232877395,-41.34956217919414,30.982909208686383,0.986060312872914,0.1427257612152249,-0.0855243618070641,16.267920837848166,0.0,2,356.2539009823354,354.90407338053745
10.699999999999978,354.07531508332005,-41.114006962824035,30.84476460019432,0.9855394568818145,0.1461644162456289,-0.08572013971449619,16.115770337306387,0.0,2,357.7863745632761,356.45433132435284
10.799999999999978,355.6495437594206,-40.874915716150134,30.707492380870153,0.985008574250768,0.14960147250363362,-0.08589242153539417,15.981877896829621,0.0,2,359.3053113988264,357.99072154329144
10.899999999999977,357.2113080798273,-40.63213721628297,30.570991683626858,0.984467440184093,0.15303687321639,-0.08604402741346968,15.864052549210067,0.0,2,360.81224303976234,359.51479690669777
10.999999999999977,358.7619955044567,-40.38553387910906,30.43517288366927,0.9839158561991916,0.1564705625281211,-0.08617743893818712,15.760366243304858,0.0,3,362.30851565137044,361.0279224174226
11.099999999999977,360.30282436032104,-40.13498071905045,30.299956443848867,0.9833536473473599,0.15990248550987327,-0.08629483980174608,15.669122294108275,0.0,3,363.79531233901577,362.5312978479829
11.199999999999976,361.83486418941595,-39.880364362926144,30.165271854707203,0.98278065968589,0.16333258815242496,-0.08639815157048987,15.588827618815282,0.0,3,365.27367278625655,364.02597765089905
11.299999999999976,363.3590536492838,-39.62158211990722,30.031056667743883,0.9821967579899268,0.16676081734654835,-0.08648906515848433,15.518168304557449,0.0,3,366.7445105290179,365.512888471238
11.399999999999975,364.8752888331055,-39.35324682502094,29.897255618386964,0.9810017795212289,0.1736125138108815,-0.08656906852016334,15.455988108010555,0.0,3,368.2071432362826,366.99135471658343
11.499999999999975,366.3842433400623,-39.07532197861694,29.7638198338368,0.9797598201387159,0.1804558031865554,-0.08663947101665823,15.401269535049288,0.0,3,369.6622506108835,368.4620666440476
11.599999999999975,367.88650108965277,-38.787772908381136,29.630706120194567,0.9784708414043845,0.1872903506574525,-0.08670142485567683,15.353117190843372,0.0,3,371.11042528654536,369.9256263239669
11.699999999999974,369.38256711083693,-38.49056716060269,29.497876322920312,0.9771348187886701,0.19411582135164068,-0.08675594395665857,15.310743127942168,0.0,3,372.5521833962312,371.3825583488498
11.799999999999974,370.8728770383631,-38.1836747781729,29.365296754576928,0.9757517403413095,0.2009318804917485,-0.08680392055060326,15.273453952589108,0.0,3,373.98797386515304,372.8333192490688
11.899999999999974,372.3578054709055,-37.86706848684172,29.23293768391993,0.9743216055066517,0.20773819352030845,-0.0868461397867486,15.240639478278416,0.0,3,375.41818658201385,374.27830577111445
11.999999999999973,373.83767332717906,-37.540723807724916,29.10077288062412,0.9728444240693332,0.21453442620405583,-0.08688329258553572,15.211762740885005,0.0,4,376.84315958358087,375.71786215548303
12.099999999999973,375.31275431993737,-37.204619111060104,28.968779210250535,0.9713202152171961,0.2213202447205993,-0.0869159869485117,15.186351211978804,0.0,4,378.2631853714408,377.1522865347852
12.199999999999973,376.78328065344033,-36.858735623673624,28.836936274415752,0.9697490067093356,0.22809531573038136,-0.08694475791049482,15.163989066541347,0.0,4,379.6785164654958,378.5818365581543
12.299999999999972,378.2494480373643,-36.503057400477076,28.70522609150682,0.9681308341381819,0.23485930643641256,-0.08697007629705378,15.144310378556385,0.0,4,381.0893702861808,380.0067343352658
12.399999999999972,379.71142009901956,-36.137571268503144,28.573632813670535,0.9664657402755076,0.24161188463388789,-0.08699235643075874,15.12699313312962,0.0,4,382.4959334463188,381.42717078205146
12.499999999999972,381.1693322659573,-35.76226675046689,28.442142476184376,0.964753774493202,0.24835271875146966,-0.08701196291242586,15.111753957154065,0.0,4,383.898365523797,382.8433094403078
12.599999999999971,382.62329518243024,-35.37713597355784,28.310742775679678,0.9629949922505477,0.25508147788574254,-0.08702921658841344,15.098343482295578,0.0,4,385.296802377678,384.25528983470446
12.69999999999997,384.0733977155852,-34.982173568094,28.179422874030752,0.961189454640561,0.26179783183010663,-0.08704439980168832,15.086542264420109,0.0,4,386.6913590628265,385.6632304230497
12.79999999999997,385.51970960058094,-34.57737655977036,28.04817322504373,0.9593372279887322,0.26850145109917106,-0.08705776101264476,15.076157192689696,0.0,4,388.0821323915009,387.06723118894007
12.89999999999997,386.9622837679408,-34.16274425848446,27.916985421374676,0.9574383834982,0.2751920069495361,-0.08706951886533223,15.067018329566933,0.0,4,389.46920318452425,388.46737592000045
12.99999999999997,388.4011583912668,-33.73827814609784,27.78585205937764,0.9554929969360356,0.28186917139770185,-0.08707986576566411,15.058976130018902,0.0,5,390.85263824951596,389.8637342097125
13.09999999999997,389.83635868887814,-33.30398176497517,27.654766619830237,0.9535011483558943,0.2885326172357197,-0.08708897103018562,15.051898994416634,0.0,5,392.23249211915464,391.2563632162491
13.199999999999969,391.2678985089178,-32.85986060871577,27.523723362708388,0.9514629218528113,0.2951820180450917,-0.08709698365694639,15.045671115086638,0.0,5,393.6088085784615,392.64530920769835
13.299999999999969,392.69578172393364,-32.405922016141105,27.39271723438377,0.9493784053463951,0.3018170482093361,-0.08710403476383496,15.04019058127624,0.0,5,394.9816220066074,394.0306089195198
13.399999999999968,394.12000345782275,-31.942175069314537,27.261743785799375,0.9472476903890903,0.3084373829255612,-0.08711023973428725,15.035367711523092,0.0,5,396.35095855566635,395.4122907469531
13.499999999999968,395.5405511652869,-31.468630496135972,27.1307991003415,0.9450708719965599,0.31504269821532493,-0.08711570010548972,15.031123586140321,0.0,5,397.7168371860366,396.79037579235876
13.599999999999968,396.95740558152926,-30.9853005778652,26.999879730272202,0.942848048497576,0.32163267093500525,-0.08712050522998287,15.027388755803482,0.0,5,399.07927057587005,398.1648787850573
13.699999999999967,398.37054155779754,-30.49219906177645,26.868982640716414,0.9405793214011056,0.32820697878586147,-0.08712473373786019,15.024102105107064,0.0,5,400.43826591975824,399.53580888911057
13.799999999999967,399.7799287965062,-29.98934107902655,26.738105160313687,0.9382647952785498,0.33476530032393076,-0.08712845482349374,15.021209852494216,0.0,5,401.7938256300833,400.9031704126244
13.899999999999967,401.1855324980228,-29.47674306772484,26.607244937747684,0.9359045776593272,0.3413073149698702,-0.08713172937784568,15.01866467019491,0.0,5,403.1459479528227,402.26696343050935
13.999999999999966,402.5873139297517,-28.954422701120322,26.476399903458,0.9334987789382065,0.3478327030188337,-0.08713461098489664,15.016424909771521,0.0,6,404.49462750817275,403.6271843311939
14.099999999999966,403.9852309268728,-28.422398820766233,26.345568235920148,0.9310475122929791,0.354341145650448,-0.08713714679849839,15.014453920598939,0.0,6,405.83985576510224,404.9838262965145
14.199999999999966,405.3792383329678,-27.880691374481696,26.21474833195149,0.928550893611228,0.36083232493893796,-0.08713937831400087,15.012719450127067,0.0,6,407.1816214578499,406.33687972289226
14.299999999999965,406.7692883877776,-27.329321358901108,26.0839387805646,0.9260090414250971,0.36730592386343525,-0.08714134204728141,15.01119311611182,0.0,6,408.51991095140676,407.6863325909234
14.399999999999965,408.15533106846357,-26.768310766382594,25.953138339945966,0.92342207685309,0.37376162631849336,-0.08714307013228816,15.0098499421784,0.0,6,409.85470856217466,409.0321707896492
14.499999999999964,409.5373143899795,-26.1976825360352,25.82234591718772,0.9207901235480501,0.38019911712482596,-0.0871445908468772,15.008667949116992,0.0,6,411.1859968392439,410.3743784010105
14.599999999999964,410.91518466948554,-25.617460508618862,25.69156055044425,0.9181133076505653,0.38661808204027126,-0.08714592907554757,15.007627795222954,0.0,6,412.5137568110731,411.71293794932905
14.699999999999964,412.2888867591434,-25.027669385070496,25.56078139322426,0.9153917577471392,0.3930182077709891,-0.0871471067166474,15.0067124597962,0.0,6,413.8379682017763,413.0478306200653
14.799999999999963,413.6583642511082,-24.428334688412424,25.43000770056342,0.9126256048325401,0.3993991819828825,-0.08714814304071453,15.005906964620655,0.0,6,415.1586096207115,414.3790364515942
14.899999999999963,415.02355965807413,-23.819482728805294,25.299238816852846,0.90981498227582,0.40576069331324166,-0.08714905500581557,15.005198128866176,0.0,6,416.4756587286213,415.7065345032802
14.999999999999963,416.3844145723264,-23.20114057151549,25.16847416512555,0.9069600257895453,0.4121024313825981,-0.08714985753504408,15.004574353402235,0.0,7,417.78909238317704,417.0303030027413
15.099999999999962,417.7408698058952,-22.573336007576557,25.03771323762642,0.904060873401842,0.4184240868067797,-0.08715056376071839,15.004025430993966,0.0,7,419.0988867664366,418.3503194748354
15.199999999999962,419.09286551409576,-21.93609752693467,24.90695558751227,0.9011176654309082,0.42472535120915433,-0.08715118523927555,15.003542379274691,0.0,7,420.40501749642027,419.66656085459937
15.299999999999962,420.4403413044626,-21.28945429387939,24.776200821546613,0.8981305444616785,0.4310059172330479,-0.08715173214037779,15.003117293761727,0.0,7,421.7074597247407,420.9790035860983
15.399999999999961,421.7832363328435,-20.633436124572434,24.645448593670118,0.8950996553243751,0.4372654785543253,-0.08715221341332602,15.00274321851032,0.0,7,423.0061882219897,422.2876237089054
15.499999999999961,423.1214893882058,-19.968073466498826,24.514698599341898,0.892025145074701,0.443503729894119,-0.08715263693350364,15.002414032289082,0.0,7,424.30117745237715,423.59239693372336
15.59999999999996,424.45503896752126,-19.293397379676424,24.383950570559247,0.8889071629754683,0.44972036703169216,-0.0871530096312469,15.002124348414391,0.0,7,425.59240163893617,424.89329870847587
15.69999999999996,425.78382334192816,-18.609439519471014,24.25320427147457,0.8857458604794757,0.45591508681742304,-0.0871533376052509,15.001869426604664,0.0,7,426.879834820448,426.1903042760348
15.79999999999996,427.10778061522774,-17.9162321208752,24.122459494537953,0.8825413912134701,0.462087587185898,-0.08715362622236661,15.001645095412105,0.0,7,428.1634509011018,427.48338872460835
15.89999999999996,428.42684877564164,-17.21380798411988,23.991716057102355,0.8792939109630533,0.4682375671690995,-0.08715388020542236,15.001447683962652,0.0,7,429.4432236937792,428.77252703168926
15.99999999999996,429.5710366692976,-16.25249495986303,23.86097379843595,0.7627271500826782,0.6408209240756532,-0.08715410371050676,15.001273961887135,3.252661888359501e-05,0,430.5400854835297,429.8783771458567
16.09999999999996,430.7138992235562,-15.289630351716188,23.730232577092867,0.7618514294175647,0.6418617665954841,-0.08715430039497739,15.001121086460678,3.2202813154025e-05,0,431.6379961481783,430.9851920665626
16.19999999999996,431.85541204349596,-14.325186765907873,23.599492268599285,0.7609584980773513,0.642920105422715,-0.08715447347730873,15.000986556085397,3.1876551608373966e-05,0,432.7369223009189,432.0929389461668
16.29999999999996,432.9955503884626,-13.35913697709511,23.468752763417122,0.7600482399384018,0.6439959193737061,-0.08715462578975813,15.000868169355149,3.154795533763499e-05,0,433.8368305633477,433.2015849428306
16.399999999999963,434.13428917206056,-12.391453892658598,23.33801396515199,0.7591205250816097,0.64508920021941,-0.08715475982471192,15.000763989032531,3.1217141660004415e-05,0,434.9376875603467,434.3110972154686
16.499999999999964,435.27160295930145,-11.422110518891275,23.20727578897616,0.7581752095579585,0.6461999527171824,-0.08715487777546996,15.000672310348628,3.0884224214204784e-05,0,436.03945991275964,435.4214429164755
16.599999999999966,436.40746596115764,-10.451079928807138,23.076538160240702,0.7572121351196119,0.6473281946700293,-0.08715498157213601,15.000591633106794,3.054931305012686e-05,0,437.1421142280601,436.53258918243125
16.699999999999967,437.5418520267315,-9.478335231324508,22.94580101325416,0.7562311289153799,0.6484739570135911,-0.08715507291320138,15.00052063713398,3.0212514716861602e-05,0,438.2456170891837,437.64450312295656
16.79999999999997,438.6747346332159,-8.503849541601689,22.815064290207744,0.7552320031491996,0.6496372839313197,-0.08715515329333827,15.000458160677901,2.9873932348190497e-05,0,439.34993504166465,438.7571518078635
16.89999999999997,439.8060868737938,-7.527595952323625,22.684327940229462,0.7542145547000841,0.6508182329984369,-0.08715522402785826,15.000403181396553,2.9533665745596065e-05,0,440.45503457919557,439.87050225272037
16.99999999999997,440.9331167258843,-6.54818799138912,22.54055659502287,0.7513354631574252,0.6529231968291385,-0.09584529641268662,15.000354799628967,0.0,1,441.55743554285925,440.98173680048575
17.099999999999973,442.0568304250453,-5.56475611175547,22.398349251629487,0.7491268730977204,0.6556076066747449,-0.09480292228114567,15.000312223673491,0.0,1,442.6588911173236,442.09185452349215
17.199999999999974,443.17719949560967,-4.577323971755327,22.25751835153236,0.7468990326687482,0.6582760356108578,-0.09388554701838231,15.000274756832672,0.0,1,443.75937079760087,443.2008371466753
17.299999999999976,444.294197547476,-3.585913726962525,22.117898814808324,0.7446533647930517,0.6609295096278117,-0.09307819081571597,15.00024178601275,0.0,1,444.85884750063695,444.30866832823875
17.399999999999977,445.4077999727865,-2.5905462533471244,21.9793453494199,0.7423910862198722,0.6635689031650825,-0.09236766671063905,15.00021277169122,0.0,1,445.95729709073896,445.41533337603965
17.49999999999998,446.5179836918863,-1.5912413348991197,21.84173008177679,0.7401132408579545,0.6661949631161693,-0.09174236657826777,15.000187239088275,0.0,1,447.05469797578314,446.5208190098794
17.59999999999998,447.6247269397706,-0.5880178219791261,21.70494047041045,0.7378207271885637,0.6688083286257103,-0.0911920725272922,15.000164770397681,0.0,1,448.1510307627187,447.62511316151955
17.69999999999998,448.7280090859302,0.41910623454566975,21.56887746908468,0.7355143209018091,0.671409547482666,-0.09070779072093257,15.00014499794996,0.0,1,449.2462779629175,448.7282048058251
17.799999999999983,449.8278104818587,1.4301134692777642,21.433453909632814,0.7331946936643429,0.6739990897502006,-0.0902816049832495,15.000127598195965,0.0,1,450.3404237395688,449.8300838176989
17.899999999999984,450.9241123315635,2.444987105038347,21.298593078322117,0.7308624287418389,0.6765773591440952,-0.08990654785488436,15.000112286412449,0.0,1,451.43345369065,450.9307408504684
17.999999999999986,452.01689658128043,3.463710869660493,21.16422746264907,0.7285180340542738,0.6791447025697287,-0.08957648703298628,15.000098812042955,0.0,2,452.5253546620911,452.03016723218883
18.099999999999987,453.10614582528353,4.486268924588363,21.030297648209874,0.7261619531273741,0.6817014181470713,-0.08928602537076782,15.000086954597801,0.0,2,453.61611458663936,453.1283548769673
18.19999999999999,454.19184322523233,5.5126458034392,20.896751347710104,0.7237945743129313,0.6842477619892063,-0.08903041282576012,15.000076520046065,0.0,2,454.7057223446569,454.2252962089278
18.29999999999999,455.2739724409474,6.542826359003932,20.763542546312266,0.7214162385788535,0.6867839539490873,-0.08880546893517653,15.000067337640537,0.0,2,455.7941676436822,455.3209840968507
18.39999999999999,456.35251757086513,7.576795717420942,20.630630749403007,0.7190272461127339,0.6893101825087573,-0.0886075145644086,15.000059257123674,0.0,2,456.88144091408276,456.4154117978602
18.499999999999993,457.4274631007179,8.61453923846797,20.497980320521908,0.7166278619372269,0.6918266089529297,-0.0884333118229167,15.000052146268834,0.0,2,457.9675332185353,457.5085729088033
18.599999999999994,458.49879385922287,9.656042481089113,20.365559898657096,0.7142183206991697,0.6943333709429441,-0.08828001117277996,15.000045888716574,0.0,2,459.05243617341205,458.60046132418876
18.699999999999996,459.5664949797618,10.701291173414774,20.233341885402616,0.7117988307652229,0.6968305855863146,-0.08814510487086373,15.000040382070585,0.0,2,460.1361418804365,459.69107119973694
18.799999999999997,460.6305518671933,11.750271186648513,20.101301993608573,0.7093695777333454,0.6993183520803404,-0.0880263859876816,15.000035536222114,0.0,2,461.2186428672123,460.78039692074015
18.9,461.690950169074,12.802968512290645,19.96941885015607,0.7069307274504689,0.7017967539947084,-0.08792191233612706,15.00003127187546,0.0,2,462.2999320354287,461.86843307455973
19.0,462.74767575067386,13.859369242248052,19.837673646370497,0.7044824286113776,0.7042658612470317,-0.08782997472271094,15.000027519250406,0.0,3,463.3800026157189,462.95517442668654
19.1,463.80071467326513,14.919459551446037,19.706049830363103,0.7020248150012962,0.7067257318163302,-0.08774906900399883,15.000024216940357,0.0,3,464.45884812828734,464.0406158998787
19.200000000000003,464.85005317523843,15.983225682613554,19.57453283627456,0.699558007434477,0.7091764132321483,-0.08767787149269533,15.000021310907513,0.0,3,465.53646234854875,465.12475255596036
19.300000000000004,465.89567765566727,17.050653932959797,19.44310984599614,0.6970821154326974,0.7116179438710106,-0.0876152173122395,15.000018753598612,0.0,3,466.6128392771232,466.20757957992805
19.400000000000006,466.93382955696865,18.125361016386297,19.311769579474195,0.6921005060775623,0.7164706006820779,-0.0875600813467225,15.000016503166778,0.0,3,467.68437470264206,467.2854907834295
19.500000000000007,467.96445762438066,19.207294006456966,19.180502110170256,0.6870847130490224,0.7212879617063627,-0.08751156147517526,15.000014522786765,0.0,3,468.7510484296857,468.3584671410684
19.60000000000001,468.98751105264324,20.296399686726414,19.049298702659875,0.68203503774549,0.7260698348989323,-0.08746886381647606,15.000012780052353,0.0,3,469.8128405489357,469.42648984009895
19.70000000000001,470.0029394780106,21.392624546251504,18.91815166971491,0.6769517760247907,0.7308160250778586,-0.08743128974389239,15.000011246446071,0.0,3,470.8697314178792,470.4895402694383
19.80000000000001,471.0106929715747,22.495914775931308,18.787054246532314,0.6718352191049177,0.7355263344925111,-0.08739822445712346,15.000009896872543,0.0,3,471.9217016438544,471.5476000099767
19.900000000000013,472.01072203372775,23.60621626557992,18.656000480052704,0.6666856543466544,0.7402005633263977,-0.08736912692511502,15.000008709247838,0.0,3,472.9687320691401,472.6006508260207
20.000000000000014,473.00297758961375,24.7234746016483,18.524985131558495,0.6615033659338047,0.7448385101425714,-0.08734352103528586,15.000007664138097,0.0,4,474.0108037578294,473.64867465772454
20.100000000000016,473.98741098544065,25.847635065521565,18.394003590958615,0.6562886354645643,0.7494399722785721,-0.08732098780449946,15.000006744441526,0.0,4,475.0478979842618,474.69165361438723
20.200000000000017,474.9639739855395,26.97864263232699,18.263051801357754,0.6510417424656899,0.7540047461969502,-0.08730115852444965,15.000005935108543,0.0,4,476.0799962228177,475.72956996850536
20.30000000000002,475.93261877007404,28.11644197019564,18.132126192676296,0.6457629648395333,0.7585326277966548,-0.08728370872939227,15.000005222895519,0.0,4,477.1070801389046,476.7624061504892
20.40000000000002,476.8932979333145,29.260977439927338,18.001223623235088,0.6404525792526372,0.7630234126898938,-0.0872683528875879,15.000004596148056,0.0,4,478.12913158098485,477.7901447439587
20.50000000000002,477.8459644824022,30.412193095014594,17.870341328349436,0.6351108614734285,0.7674768964485076,-0.08725483972964712,15.00000404461029,0.0,4,479.146132573516,478.81276848154926
20.600000000000023,478.7905718365405,31.570032681986202,17.739476875091363,0.6297380866655389,0.771892874823395,-0.0872429481373781,15.000003559257054,0.0,4,480.1580653106902,479.83026024116396
20.700000000000024,479.72707382655483,32.734439641035834,17.608628122480027,0.6243345296424231,0.7762711439401044,-0.0872324835258978,15.000003132146208,0.0,4,481.16491215087285,480.8426030426187
20.800000000000026,480.65542469477396,33.90535710690489,17.477793186449027,0.6189004650882035,0.7806115004733283,-0.08722327465983255,15.000002756288664,0.0,4,482.16665561165524,481.849780044632
20.900000000000027,481.5755790951885,35.08272790999245,17.346970409017395,0.6134361677490238,0.7849137418027093,-0.08721517085152955,15.000002425534024,0.0,4,483.16327836544457,482.8517745421184
21.00000000000003,482.4874920938499,36.26649457766819,17.216158331159928,0.6079419125986449,0.7891776661520916,-0.08720803949544874,15.000002134469941,0.0,5,484.1547632355262,483.84856996374896
21.10000000000003,483.3911191694764,37.45659933576688,17.085355668932927,0.6024179749815339,0.7934030727140875,-0.0872017638984008,15.00000187833355,0.0,5,485.14109319254027,484.84014986974734
21.20000000000003,484.28641621423856,38.652984110245605,16.954561292464764,0.5968646307362778,0.7975897617616263,-0.08719624137013601,15.000001652933523,0.0,5,486.12225135132167,485.8264979498932
21.300000000000033,485.1733395346981,39.85559052898678,16.823774207467498,0.5912821563017956,0.801737534747946,-0.08719138154304631,15.0000014545815,0.0,5,487.09822096806056,486.8075980217089
21.400000000000034,486.05184585287856,41.06435992373215,16.692993538967034,0.5856708288085057,0.8058461943963312,-0.0871871048934909,15.00000128003172,0.0,5,488.06898543774344,487.78343402880773
21.500000000000036,486.92189230744935,42.27923333213441,16.56221851698563,0.5800309261563309,0.8099155447807438,-0.08718334144055294,15.000001126427913,0.0,5,489.0345282918423,488.75399003938617
21.600000000000037,487.78343645500524,43.50015149991483,16.431448463942445,0.5743627270811886,0.8139453913983663,-0.08718002960093826,15.000000991256563,0.0,5,489.99483319622146,489.7192502448415
21.70000000000004,488.63643627142744,44.72705488311625,16.300682783566014,0.5686665112114002,0.8179355412349585,-0.08717711518128032,15.000000872305776,0.0,5,490.9498839492362,490.67919895850287
21.80000000000004,489.4808501533135,45.95988365044234,16.169920951137197,0.5629425591152795,0.8218858028238284,-0.0871745504913641,15.000000767629082,0.0,5,491.8996644800022,491.6338206144617
21.90000000000004,490.31663691946403,47.19857768567467,16.03916250490295,0.5571911523409955,0.8257959862991265,-0.08717229356375988,15.000000675513592,0.0,5,492.84415884681323,492.58309976649036
22.000000000000043,491.1437558124174,48.44307659016046,15.908407038520448,0.5514125734496721,0.8296659034440922,-0.08717030746709808,15.000000594451961,0.0,6,493.78335123569207,493.52702108704
22.100000000000044,491.96216650002293,49.693319685364294,15.777654194407882,0.5456071060425622,0.8334953677348081,-0.08716855970174907,15.000000523117727,0.0,6,494.7172259590588,494.46556936630896
22.200000000000045,492.77182907704565,50.94924601547808,15.646903657893175,0.5397750347830335,0.8372841943799622,-0.08716702166801998,15.0000004603436,0.0,6,495.64576745450194,495.3987295113733
22.300000000000047,493.5727040667957,52.21079435008407,15.516155152064822,0.5339166454140053,0.841032200357051,-0.08716566819816653,15.000000405102368,0.0,6,496.5689602836432,496.32648654537417
22.40000000000005,494.36475242277663,53.477903186866314,15.385408433240652,0.5280322247714027,0.8447392044454182,-0.08716447714456238,15.000000356490084,0.0,6,497.48678913108307,497.248825606755
22.50000000000005,495.14793553034735,54.750510754366445,15.254663286980305,0.5221220607941149,0.8484050272564718,-0.08716342901728766,15.000000313711274,0.0,6,498.3992388034197,498.1657319485444
22.60000000000005,495.9222152083938,56.02855501478015,15.123919524576236,0.5161864425308937,0.8520294912613872,-0.0871625066652061,15.00000027606592,0.0,6,499.30629422833294,499.07719093767923
22.700000000000053,496.687553711006,57.31197366679108,14.993176979965778,0.510225660144563,0.8556124208165686,-0.08716169499531252,15.00000024293801,0.0,6,500.20794045372674,499.9831880543649
22.800000000000054,497.44391372915675,58.600704148439206,14.862435507013766,0.5042400049138753,0.8591536421871114,-0.08716098072575831,15.000000213785448,0.0,6,501.10416264692293,500.8837088914688
22.900000000000055,498.19125839237995,59.894683640021114,14.731694977121236,0.49822976923329715,0.8626529835684777,-0.08716035216851352,15.000000188131194,0.0,6,501.9949460939027,501.77873915394355
23.000000000000057,498.92955127044496,61.19384906701991,14.600955277121095,0.4921952466109818,0.8661102751065775,-0.08715979903810941,15.00000016555545,0.0,7,502.8802761985891,502.66826465827813
23.10000000000006,499.6587563750251,62.498137103062554,14.470216307426284,0.48613673166514604,0.8695253489164226,-0.08715931228333157,15.000000145688796,0.0,7,503.76013848216854,503.55227133197394
23.20000000000006,500.37883816135826,63.8074841729029,14.339477980400188,0.4800545201190469,0.8728980390995047,-0.08715888393910984,15.00000012820614,0.0,7,504.63451858244537,504.4307452130431
23.30000000000006,501.0897615298975,65.12182645542867,14.208740218922582,0.4739489087947268,0.8762281817600279,-0.08715850699618143,15.000000112821404,0.0,7,505.5034022532285,505.3036724495286
23.400000000000063,501.79149182795067,66.44109988669094,14.07800295512766,0.46782019560567456,0.879515615020117,-0.08715817528639408,15.000000099282836,0.0,7,506.3667753637457,506.1710392990432
23.500000000000064,502.483994851307,67.76524016295467,13.947266129293512,0.46166867954853447,0.8827601790341032,-0.08715788338177323,15.000000087368896,0.0,7,507.2246238980838,507.032832128326
23.600000000000065,503.16723684585,69.09418274376932,13.816529688864852,0.455494660693974,0.8859617160019807,-0.08715762650570068,15.000000076884628,0.0,7,508.0769339546526,507.8890374128163
23.700000000000067,503.84118450915514,70.42786285505815,13.68579358759303,0.44929844017681214,0.8891200701821176,-0.08715740045475205,15.000000067658473,0.0,7,508.9236917456699,508.73964173624154
23.800000000000068,504.50580499207143,71.76621549222541,13.555057784779232,0.44308032018549354,0.8922350879032916,-0.08715720152991353,15.000000059539456,0.0,7,509.7648835966668,509.58463179022044
23.90000000000007,505.1610659002867,73.10917542328052,13.424322244608495,0.43684060395098645,0.8953066175761185,-0.08715702647605277,15.000000052394721,0.0,7,510.6004959460115,510.4239943738791
24.00000000000007,505.8069352958747,74.45667719197839,13.293586935563658,0.4305795957351695,0.8983345097039264,-0.08715687242865307,15.000000046107354,3.120663830414707e-06,0,511.43051534444936,511.25771639347965
24.100000000000072,506.44338169882445,75.80865512097513,13.162851829909615,0.4242976008187675,0.9013186168931301,-0.0871567368669396,15.000000040574472,2.707019868920611e-06,0,512.2549284546594,512.0857848620601
24.200000000000074,507.07037408855024,77.16504331499856,13.032116903239471,0.4179949254888862,0.9042587938631499,-0.08715661757263041,15.000000035705535,2.291545205850758e-06,0,513.0737220508254,512.9081868990862
24.300000000000075,507.68788190538305,78.52577566403278,12.901382134075162,0.411671877026192,0.9071548974559125,-0.0871565125936373,15.000000031420871,1.8742164144247352e-06,0,513.8868830182198,513.7249097301125
24.400000000000077,508.2958750520415,79.89078584651644,12.770647503515987,0.4053287636917742,0.910006786644971,-0.08715642021212258,15.000000027650367,1.4550101887110708e-06,0,514.6943983528028,514.5359406864544
24.500000000000078,508.89432389508283,81.26000733255394,12.63991299492933,0.3989658947137272,0.9128143225442766,-0.08715633891638899,15.000000024332323,1.0339033339445117e-06,0,515.4962551608301,515.341267204869
24.60000000000008,509.48319926633366,82.63337338713936,12.509178593678493,0.39258358027347967,0.9155773684166263,-0.08715626737614296,15.000000021412443,6.108727570846578e-07,0,516.2924406584756,516.1408768272448
24.70000000000008,510.06247246429916,84.01081707339242,12.378444286883177,0.38618213149189984,0.9182957896818136,-0.08715620442072608,15.00000001884295,1.858954576125802e-07,0,517.0829421714628,516.9347572002998
24.800000000000082,510.6321152555517,85.3922712558063,12.247710063208718,0.37976186041519844,0.9209694539245035,-0.08715614901995893,15.000000016581795,0.0,0,517.8677471347069,517.7228960752888
24.900000000000084,511.1920998760974,86.7776686035068,12.116975912680614,0.3733230800006506,0.92359823090185,-0.08715610026728361,15.00000001459198,0.0,0,518.646843091966,518.5052813077162
25.000000000000085,511.7423990327217,88.16694159352241,11.986241826521303,0.36686610410215476,0.9261819925508745,-0.08715605736492917,15.000000012840943,0.0,1,519.4202176955041,519.2819008570596
25.100000000000087,512.2829859043125,89.5600225140653,11.855507797006531,0.3603912474556436,0.9287206129956184,-0.08715601961085712,15.00000001130003,0.0,1,520.187858705759,520.0527427864965
25.200000000000088,512.8138341431609,90.95684346782242,11.724773817338953,0.3538988256643619,0.9312139685540843,-0.08715598638727359,15.000000009944026,0.0,1,520.9497539910227,520.817795262642
25.30000000000009,513.3349178762409,92.35733637525692,11.594039881536904,0.347389155184023,0.9336619377449783,-0.08715595715052003,15.000000008750742,0.0,1,521.7058915271266,521.5770465552902
25.40000000000009,513.8462117064652,93.76143297791914,11.463305984336523,0.340862553307854,0.9360644012942609,-0.08715593142217683,15.000000007700653,0.0,1,522.4562593971373,522.3304850371633
25.500000000000092,514.3476907139191,95.16906484176735,11.33257212110561,0.3343193381515411,0.9384212421415197,-0.08715590878123475,15.000000006776574,0.0,1,523.2008457910574,523.0780991836666
25.600000000000094,514.8393304570717,96.5801633604976,11.201838287767828,0.32775982863808145,0.9407323454461667,-0.0871558888572057,15.000000005963384,0.0,1,523.9396390055362,523.8198775726503
25.700000000000095,515.3211069739641,97.99465975888266,11.071104480736,0.32118434448255,0.942997598593474,-0.08715587132406011,15.000000005247779,0.0,1,524.6726274435844,524.5558088841748
25.800000000000097,515.7929967833745,99.41248509611984,10.940370696853414,0.31459320617678804,0.945216891200447,-0.08715585589489196,15.000000004618046,0.0,1,525.3997996142984,525.2858819002853
25.900000000000098,516.2549768859607,100.83357026918716,10.809636933342158,0.30798673497401857,0.9473901151215475,-0.08715584231722398,15.000000004063882,0.0,1,526.1211441325901,526.0100855047885
26.0000000000001,516.7070247653785,102.25784601620813,10.678903187757676,0.3013652528733945,0.9495171644542645,-0.08715583036887613,15.000000003576217,0.0,2,526.8366497189214,526.7284086830366
26.1000000000001,517.1491183893779,103.68524291982442,10.548169457948752,0.29472908260448416,0.9515979355445443,-0.08715581985433003,15.00000000314707,0.0,2,527.5463051990482,527.4408405217156
26.200000000000102,517.5812362108752,105.11569141057663,10.41743574202232,0.28807854761169716,0.953632326992078,-0.08715581060152945,15.000000002769422,0.0,2,528.2500995037677,528.1473702086391
26.300000000000104,518.0033571690018,106.5491217702927,10.286702038312482,0.28141397203865626,0.9556202396554517,-0.08715580245906492,15.00000000243709,0.0,2,528.9480216686723,528.8479870325472
26.400000000000105,518.4154606901295,107.98546413548381,10.155968345353246,0.27473568071251714,0.9575615766571637,-0.08715579529369614,15.00000000214464,0.0,2,529.640060833909,529.5426803829084
26.500000000000107,518.8175266888725,109.42464850074765,10.02523466185454,0.26804399912823973,0.9594562433885089,-0.08715578898817161,15.000000001887283,0.0,2,530.326206243946,530.2314397497295
26.600000000000108,519.2095355690651,110.8666047221788,9.8945009866811,0.2613392534328134,0.9613041475143338,-0.08715578343931002,15.000000001660808,0.0,2,531.0064472473414,530.9142547233669
26.70000000000011,519.5914682247164,112.31126252078606,9.763767318833894,0.25462177040943873,0.9631051989776643,-0.0871557785563118,15.000000001461512,0.0,2,531.6807732965203,531.5911149943436
26.80000000000011,519.9633060409408,113.75855148591647,9.633033657433774,0.2478918774616686,0.9648593100042077,-0.08715577425927337,15.00000000128613,0.0,2,532.3491739475551,532.2620103531708
26.900000000000112,520.3250308948643,115.20840107868597,9.502300001707091,0.24114990259750974,0.9665663951067298,-0.08715577047787956,15.000000001131795,0.0,2,533.0116388599514,532.9269306901734
27.000000000000114,520.6766251565078,116.66074063541636,9.371566350973032,0.23439617441348723,0.9682263710893093,-0.08715576715025301,15.00000000099598,0.0,3,533.6681577964392,533.585865995319
27.100000000000115,521.0180716896458,118.11549937107857,9.24083270463248,0.22763102207867394,0.969839157051471,-0.08715576422194166,15.000000000876463,0.0,3,534.3187206227675,534.238806358052
27.200000000000117,521.3493538526409,119.57260638274178,9.110099062158216,0.22085477531868578,0.9714046743921958,-0.08715576164502764,15.000000000771287,0.0,3,534.9633173075052,534.885741967131
27.300000000000118,521.6704554992549,121.03199065302854,8.979365423086286,0.21406776439964514,0.9729228468138142,-0.08715575937734332,15.000000000678732,0.0,3,535.6019379218453,535.52666311047
27.40000000000012,521.9813609794354,122.49358105357541,8.848631787008408,0.20727032011211338,0.974393600325777,-0.08715575738178112,15.000000000597284,0.0,3,536.2345726394136,536.1615601749835
27.50000000000012,522.2820551400785,123.95730634849916,8.717898153565297,0.20046277375499394,0.9758168632483094,-0.08715575562568638,15.00000000052561,0.0,3,536.8612117360832,536.7904236464354
27.600000000000122,522.5725233257665,125.42309519786828,8.587164522440782,0.19364545711940734,0.977192566215946,-0.087155754080323,15.000000000462537,0.0,3,537.4818455897909,537.413244109291
27.700000000000124,522.8527513794829,126.89087616117953,8.456430893356629,0.18681870247253946,0.978520642180949,-0.08715575272040325,15.000000000407033,0.0,3,538.0964646803595,538.0300122465727
27.800000000000125,523.1227256433016,128.36057770083954,8.325697266067996,0.17998284254146368,0.9798010264166079,-0.08715575152367386,15.000000000358188,0.0,3,538.7050595893234,538.64071883972
27.900000000000126,523.3824329590525,129.8321281856511,8.19496364035942,0.1731382104969389,0.9810336565204237,-0.08715575047055199,15.000000000315206,0.0,3,539.3076209997586,539.2453547684509
28.000000000000128,523.6318606689629,131.30545589430412,8.064230016041295,0.16628513993718366,0.9822184724171751,-0.08715574954380474,15.000000000277382,0.0,4,539.9041396961156,539.8439110106283
28.10000000000013,523.8709966162742,132.78048901887092,7.933496392946767,0.15942396487162802,0.9833554163618692,-0.08715574872826719,15.000000000244096,0.0,4,540.4946065640579,540.4363786421292
28.20000000000013,524.0998291458344,134.25715566830593,7.802762770929004,0.15255501970464364,0.9844444329425758,-0.0871557480105941,15.000000000214804,0.0,4,541.0790125903018,541.0227488367162
28.300000000000132,524.318347104666,135.73538387194927,7.672029149858793,0.14567863921925372,0.9854854690831455,-0.0871557473790418,15.000000000189027,0.0,4,541.6573488624618,541.6030128659131
28.400000000000134,524.5265398425096,137.2151015830344,7.541295529622429,0.13879515856082317,0.9864784740458117,-0.08715574682327576,15.000000000166343,0.0,4,542.2296065688993,542.1771620988828
28.500000000000135,524.7243972123426,138.69623668219936,7.410561910119851,0.13190491322073025,0.9874233994336776,-0.08715574633420164,15.000000000146382,0.0,4,542.795776998573,542.7451880023083
28.600000000000136,524.9119095708743,140.1787169810017,7.279828291263003,0.12500823902002056,0.9883201991930868,-0.08715574590381643,15.000000000128816,0.0,4,543.3558515408956,543.3070821402769
28.700000000000138,525.0890677790152,141.66247022543675,7.149094672974399,0.11810547209304408,0.9891688296158786,-0.08715574552507745,15.000000000113358,0.0,4,543.9098216855907,543.8628361741662
28.80000000000014,525.2558632023229,143.1474240994589,7.018361055185848,0.1111969488710765,0.9899692493415275,-0.08715574519178713,15.000000000099755,0.0,4,544.457679022556,544.4124418625346
28.90000000000014,525.4122877114227,144.63350622850635,6.887627437837346,0.10428300606592558,0.9907214193591674,-0.08715574489849166,15.000000000087784,0.0,4,544.9994152417273,544.9558910610126
29.000000000000142,525.5583336824037,146.12064418302825,6.756893820876085,0.09736398065352311,0.9914253030095002,-0.08715574464039165,15.00000000007725,0.0,5,545.5350221329466,545.4931757221973
29.100000000000144,525.6939939971905,147.6087654820149,6.626160204255597,0.09044020985750392,0.9920808659865892,-0.08715574441326365,15.00000000006798,0.0,5,546.0644915858338,546.0242878955503
29.200000000000145,525.8192620438901,149.09779759653014,6.495426587934989,0.0835120311327722,0.9926880763395363,-0.087155744213391,15.000000000059822,0.0,5,546.5878155896602,546.5492197272969
29.300000000000146,525.9341317171142,150.58766795324644,6.364692971878275,0.07657978214905634,0.9932469044740448,-0.08715574403750306,15.000000000052644,0.0,5,547.1049862332259,547.0679634603291
29.400000000000148,526.0385974182761,152.07830393798184,6.23395935605379,0.06964380077445319,0.9937573231538662,-0.08715574388272168,15.000000000046327,0.0,5,547.6159957047396,547.580511434109
29.50000000000015,526.1326540558648,153.56963289923908,6.103225740433663,0.06270442505896213,0.9942193075021312,-0.08715574374651408,15.000000000040767,0.0,5,548.1208362917013,548.0868560845765
29.60000000000015,526.216297045692,155.0615821517465,5.972492124993373,0.05576199321801035,0.9946328350025652,-0.08715574362665138,15.000000000035875,0.0,5,548.6195003807884,548.5869899440588
29.700000000000152,526.2895223111161,156.55407898000053,5.841758509711339,0.04881684361596971,0.9949978855005902,-0.08715574352117221,15.00000000003157,0.0,5,549.111980457743,549.0809056411806
29.800000000000153,526.3523262832407,158.04705064180976,5.711024894568571,0.041869314749666285,0.9953144412043086,-0.08715574342835054,15.00000000002778,0.0,5,549.5982691072637,549.5685959007791
29.900000000000155,526.4047059010886,159.54042437184026,5.580291279548357,0.03491974523188331,0.9955824866853726,-0.08715574334666745,15.000000000024446,0.0,5,550.0783590128983,550.0500535438193
30.000000000000156,526.446658611751,161.034127385162,5.449557664635989,0.027968473774858348,0.9958020088797395,-0.08715574327478635,15.000000000021513,0.0,6,550.5522429569406,550.5252714873116
30.100000000000158,526.4781823705117,162.52808688079637,5.318824049818528,0.021015839173775537,0.9959729970883084,-0.08715574321153098,15.000000000018932,0.0,6,551.0199138203287,550.9942427442319
30.20000000000016,526.4992756409471,164.0222300452642,5.188090435084583,0.014062180290253697,0.9960954429774453,-0.08715574315586626,15.00000000001666,0.0,6,551.4813645825452,551.4569604234437
30.30000000000016,526.5099373950009,165.51648405613474,5.0573568204241335,0.007107836035831125,0.9961693405793892,-0.08715574310688129,15.000000000014662,0.0,6,551.9365883215223,551.9134177296222
30.400000000000162,526.5101671130341,167.01077608557483,4.926623205828359,0.00015314535544791146,0.9961946862925447,-0.08715574306377454,15.000000000012903,0.0,6,552.3855782135458,552.3636079631796
